,,"Name (click to view profile)",Date,Likes,isHearted,isPinned,Comment,"Profile ID","Comment ID","Comment URL"
1,,"sady khan","2021-11-20 12:21:35",0,no,no,"Disini yg nembak kyk gw siap???.masalahnya ikuti tes praktek gagal muluk.dan gw stres luangin byk waktu utk  coba lagi lagi dan lagi. Yg jelas gak ada di jalanan kyk gitu.padahal ikut seftyrideing  lancar2 aja gw",UCqcf2tU9Kcjlkyr7Dlk3Q-g,UgxhLlIenRMfFP1TsKN4AaABAg,https://www.youtube.com/watch?v=m1TVUYBlE8c&lc=UgxhLlIenRMfFP1TsKN4AaABAg
2,,"Infinix Btm","2021-11-20 12:21:42",0,no,no,"Se7 mau buat SIM aja di persulit harus blak blek 6,7,8 x ujian tes padahal kita udah biasa bwa motor bertahn2... birokrasi kepolisian sangat perlu dilakukan perbaikan..",UCtIiZPjMR4TV0SFUiZK1ajg,UgxzYfUPgXDfx2iLrKR4AaABAg,https://www.youtube.com/watch?v=m1TVUYBlE8c&lc=UgxzYfUPgXDfx2iLrKR4AaABAg
3,,"wahyudi yudi","2021-11-20 12:21:46",0,no,no,"track gk masuk akal,,lagian emak2 mh lebih perlu d cerahkan mslh penggunaan fitur pd motor..misal tombol lampu sein dmn,,trus klo lampu sein ke kiri maksud'y apa,lampu sein ke kanan maksud'y apa..jelas itu lebih berguna",UCJJqiAfMQNcvBXPHqR-yEbA,Ugxa9JMm10PXm83kt594AaABAg,https://www.youtube.com/watch?v=m1TVUYBlE8c&lc=Ugxa9JMm10PXm83kt594AaABAg
4,,"K2 TV","2021-11-20 12:21:50",0,no,no,"Pengalaman bikin sim sendiri,waktu itu datang sebelum jam tutup, dari luar gerbang banyak oknum petugas yg transaksi, begitu masuk gerbang langsung di tawari buat suap nembak wkwk,
dari tes teori sampai praktik, dipersulit semua seolah olah kita di giring untuk suap.. 
Tes teori di komputer, tiba tiba ngelag, soal soal tiba tiba skip sendiri dan yg terlewat ga bisa di ulang, sudah komplen ke petugas nya malah bilang "" emg seperti itu komputer nya "",lah knpa ga di ganti, masa pelyanan terhadap masyarakat seperti ini ,akhirnya terpaksa mengulang minggu depan, padahal untuk lulus tes teori minimal 70,dan saya karna ada beberapa soal yg ke skip dpt nilai 60.
Lanjut minggu depan ,alhamdulillah lulus tes teori,karna sempet komplen komputer nya jelek akhirnya dikasih yg lumayan bagus ,langsung tes simulator,dan masalahnya tetep sama, motor simulator nya seolah olah sperti di setting sedemikian rupa atau karna faktor usia juga,bener bener kurang layak untuk digunakan ..
Akhirnya gagal, kembali minggu depan, belajar dari pengalaman sebelum nya akhirnya bisa lulus dan langsung tes praktik motor ,gagal, kembali lagi minggu depan , Alhamdulillah lulus.. 
Dari pengalaman pribadi,membutuhkan waktu kurleb 1 bulan, dan sepertinya semuanya seperti di giring supaya melakukan suap, apalagi klo org yg memang tidak memiliki waktu luang yg banyak karna kesibukan, otomatis ngambil jalan pintas dengan suap..",UCLKBI_CYr6eSsQeGHXsxPFA,UgzVVP9-nZ64_QDZhpJ4AaABAg,https://www.youtube.com/watch?v=m1TVUYBlE8c&lc=UgzVVP9-nZ64_QDZhpJ4AaABAg
5,,"Yuda Shahrizki","2021-11-20 12:21:50",0,no,no,"Kita semua setuju dengan pendapat emak bunda yg tersayang, klo pendapat saya tes tersebut tujuannya baik selain melatih pengendalian kendaraan dan  konsentrasi tapi utk umur dibawah 30thun sepertinya msih bisa berlaku sedangkan utk masyarakat diatas usia 30thun cukup dengan pola lintasan angka 8 saya pikir sudah cukup..",UCQKO7sBEMGbM_jMt4vOyvxg,UgwCwOFFoxAObujcah14AaABAg,https://www.youtube.com/watch?v=m1TVUYBlE8c&lc=UgwCwOFFoxAObujcah14AaABAg
6,,"Eigo A","2021-11-20 12:21:51",1,no,no,"Teng Teng BAKSOOO😅😅😅",UC35tYseGGLnTR6TBvzynCBA,UgzGPmTBgnltcQMjXh54AaABAg,https://www.youtube.com/watch?v=m1TVUYBlE8c&lc=UgzGPmTBgnltcQMjXh54AaABAg
7,,"Erwin Erwin","2021-11-20 12:22:25",0,no,no,"Pak Sigit Kapolri gmn nih? Ada comment?",UCVHTfdZgQv6gKrCRJa8zQlA,Ugze_Kvys-NgJQqnMlB4AaABAg,https://www.youtube.com/watch?v=m1TVUYBlE8c&lc=Ugze_Kvys-NgJQqnMlB4AaABAg
8,,"Yudo Siswono","2021-11-20 12:22:36",0,no,no,"Korupsi di Indonesia memang diselenggarakan.....ngapain sewot kamu Bu!!!....wkkkkaaaaa",UCwDDoqTSVr-ti0l2efdty5g,UgwK4FZZrhDg9Dzza8d4AaABAg,https://www.youtube.com/watch?v=m1TVUYBlE8c&lc=UgwK4FZZrhDg9Dzza8d4AaABAg
9,,"mabok Lem","2021-11-20 12:22:39",0,no,no,"Coba undang Valentino Rossi ikut ujian SIM. Gimana reaksinya lihat track Lintasan Bhayangkara Indo track 🤑",UCEf9KkXOdyLAxWxrnthbLOA,Ugy3a4zqngeiYZlpOLZ4AaABAg,https://www.youtube.com/watch?v=m1TVUYBlE8c&lc=Ugy3a4zqngeiYZlpOLZ4AaABAg
10,,"Cucu Wijaya","2021-11-20 12:22:42",0,no,no,"Kalo bahasa bang benyamin.. Akal bulus buaye gile..",UCiXJm0a16OVSNWAZCD4VI9Q,UgwQeoLgaPOKdBdVFFF4AaABAg,https://www.youtube.com/watch?v=m1TVUYBlE8c&lc=UgwQeoLgaPOKdBdVFFF4AaABAg
11,,"Mas Pro67","2021-11-20 12:22:50",0,no,no,"Wakakkaka ampun",UCaiTy5OFSROYZk0I_bTPjCA,UgzaPXGD4lpXfh5daxt4AaABAg,https://www.youtube.com/watch?v=m1TVUYBlE8c&lc=UgzaPXGD4lpXfh5daxt4AaABAg
12,,"Ikhsan 010290","2021-11-20 12:22:54",0,no,no,"Semoga ga disengaja biar nembak SIM...",UCT-tS8aOfWEZh5c1rWWUzuw,UgyVCcoQSpQ5E7Sx2A94AaABAg,https://www.youtube.com/watch?v=m1TVUYBlE8c&lc=UgyVCcoQSpQ5E7Sx2A94AaABAg
13,,Fiktor_n73,"2021-11-20 12:22:56",0,no,no,"Yg paham ajalah😂😂😂😂",UCDMiaLa_fjJruxI660xjhgg,Ugw01QFhZUrOnaqXeXd4AaABAg,https://www.youtube.com/watch?v=m1TVUYBlE8c&lc=Ugw01QFhZUrOnaqXeXd4AaABAg
14,,"BAE BAEXO","2021-11-20 12:23:13",0,no,no,"pas dulu mau bikin sim, banyak banget sampe antri buat ujian praktek. mana panas. dan satupun g ada yang lolos. mau bikin sim malah dipersulit. jalurnya g masuk akal. kek emang gw mau lewat jalan ruwet kek gitu ya? enggak anjirrrr. sinting",UC5U-ilnhzX4CH3_rBrPA2PQ,Ugxuv4B6xY-rvlwwEDZ4AaABAg,https://www.youtube.com/watch?v=m1TVUYBlE8c&lc=Ugxuv4B6xY-rvlwwEDZ4AaABAg
15,,"sukiman Adjie sudibjo","2021-11-20 12:23:36",0,no,no,"Diajari jadi pembalap tikang tikung,",UCvl5tsH8augus16BjykV2Pw,UgwEoHTwfQWpJpFDzMV4AaABAg,https://www.youtube.com/watch?v=m1TVUYBlE8c&lc=UgwEoHTwfQWpJpFDzMV4AaABAg
16,,"Mas Pro67","2021-11-20 12:23:54",0,no,no,"Gruduk saja",UCaiTy5OFSROYZk0I_bTPjCA,UgztA5HXEnWgdeT9hdF4AaABAg,https://www.youtube.com/watch?v=m1TVUYBlE8c&lc=UgztA5HXEnWgdeT9hdF4AaABAg
17,,"Mahardika Gultom","2021-11-20 12:24:21",0,no,no,"Kalau bisa di persulit ngapain di permudah...!!😁😁😁",UCjCvHxIqg1Lmt_iKqmD_FSg,Ugz1rBD2BwqMfTIBaYp4AaABAg,https://www.youtube.com/watch?v=m1TVUYBlE8c&lc=Ugz1rBD2BwqMfTIBaYp4AaABAg
18,,Sopian,"2021-11-20 12:24:21",0,no,no,"SQUID GAME versi Indonesia",UCT6xrhsXZrrI65WuxzhNBbQ,UgyxnluDQd9Fg7KT40d4AaABAg,https://www.youtube.com/watch?v=m1TVUYBlE8c&lc=UgyxnluDQd9Fg7KT40d4AaABAg
19,,"Andika Putra","2021-11-20 12:24:25",0,no,no,"Bener juga ya 😂",UCm_n1NgGaS63jDIJJ_18PMA,Ugxoqy1sG9sZgg_dDQ94AaABAg,https://www.youtube.com/watch?v=m1TVUYBlE8c&lc=Ugxoqy1sG9sZgg_dDQ94AaABAg
20,,"Azka chanel cilacap","2021-11-20 12:24:25",0,no,no,"Masih ada toh tes model ginian.
Kok saya cuma tes didepan layar monitor sambil baca rambu dan jawab benar atau salah dan apa yg harus dilakukan.. 🙏🏻.
Saya bikin SIM 2018 😁😁
Maklum.karena kapok kondangan ke pakpol.mulu..",UCPS9Qv7LgiyESk691J7aHrQ,Ugx_Jlyval0ynIbDoB94AaABAg,https://www.youtube.com/watch?v=m1TVUYBlE8c&lc=Ugx_Jlyval0ynIbDoB94AaABAg
21,,"Eny Sugiarti","2021-11-20 12:24:27",0,no,no,"Sengaja biar gk lulus..ujung2nya nembak 😂",UC9QFJD07R6YxPJwTJDEMo_A,Ugz4KBnI_BMFx5cyevV4AaABAg,https://www.youtube.com/watch?v=m1TVUYBlE8c&lc=Ugz4KBnI_BMFx5cyevV4AaABAg
22,,Yuvoria,"2021-11-20 12:24:27",0,no,no,"Kan emang gitu konsepnya... Wakanda FOREVER",UCbR_eYQPPacbzIwEu0k8JKQ,UgyRiy-zotIgj7xVbk14AaABAg,https://www.youtube.com/watch?v=m1TVUYBlE8c&lc=UgyRiy-zotIgj7xVbk14AaABAg
23,,"Kristianto Anugrahing","2021-11-20 12:24:33",0,no,no,"Lah, gw bisa kok lolos dr trek model gtu. Kuncinya otot perut harus main",UCbfWyPgNiwug8IcgtBJD2Pw,UgzDA3Pi1qKdUM9Ii8l4AaABAg,https://www.youtube.com/watch?v=m1TVUYBlE8c&lc=UgzDA3Pi1qKdUM9Ii8l4AaABAg
24,,"jun hdy","2021-11-20 12:24:33",0,no,no,"Bagus niiihh... 10 tahun lebih  berjalan ujian sim gini baru sadar yahhh 😂😂😂",UCqtz-utvZz94f507Emp-iUA,UgwUBC0CQmyf5IVVOz14AaABAg,https://www.youtube.com/watch?v=m1TVUYBlE8c&lc=UgwUBC0CQmyf5IVVOz14AaABAg
25,,"Yunani Kurniadjati","2021-11-20 12:24:36",0,no,no,"Trek zikzak , artinya boleh zikzak d jln raya😀😀😀😀",UCTUZO88_PbPyQK3zMJ_HlXQ,Ugw3OStYzkVPxUptQUl4AaABAg,https://www.youtube.com/watch?v=m1TVUYBlE8c&lc=Ugw3OStYzkVPxUptQUl4AaABAg
26,,"Kharisma Afdhil","2021-11-20 12:24:51",0,no,no,"Betul mak",UCgTCi63nCb4vPjLReOD5jHA,UgxM7e_tsLEWX1ezZbB4AaABAg,https://www.youtube.com/watch?v=m1TVUYBlE8c&lc=UgxM7e_tsLEWX1ezZbB4AaABAg
27,,"dewi murai batu","2021-11-20 12:24:52",0,no,no,"Betul buuuuangget***************",UCil_y7RtDVDSuQWv5cx_N1g,Ugw1bX2y-Z-t1s3w3-t4AaABAg,https://www.youtube.com/watch?v=m1TVUYBlE8c&lc=Ugw1bX2y-Z-t1s3w3-t4AaABAg
28,,"ARSWINDO PRADITYA","2021-11-20 12:24:54",0,no,no,"bener tu, dijalanan ga gitu gitu amat rutenya 😄",UCj577BP8PB9_Z7qwWiYwEDg,Ugxz-eW6ohyRKft7ZFB4AaABAg,https://www.youtube.com/watch?v=m1TVUYBlE8c&lc=Ugxz-eW6ohyRKft7ZFB4AaABAg
29,,"Ahmad Fathul Mubarok","2021-11-20 12:24:55",0,no,no,"Wah ini mah dasarnya aja orang pengin instan 🤦‍♂️",UCXrJ62PhHTealHu6REtPFgg,Ugyw52IehWSgN4PdAU94AaABAg,https://www.youtube.com/watch?v=m1TVUYBlE8c&lc=Ugyw52IehWSgN4PdAU94AaABAg
30,,"Abdul Ghofur","2021-11-20 12:24:56",0,no,no,"Dh g kaget dri jaman dahulu smpe skrng bikin sim murni minimal 2-3kali balik,Calo cm sejam",UCVoQc1msXvWVUd7113eOvrg,UgyC3cBsNYqYXsdY8R54AaABAg,https://www.youtube.com/watch?v=m1TVUYBlE8c&lc=UgyC3cBsNYqYXsdY8R54AaABAg
31,,"sofyan efendi","2021-11-20 12:24:59",0,no,no,"😆😅diajarin balapan tamia...bu",UC5omZA3BZl0ftM8He7dl1RA,UgzmQe2W0RreFldiSYF4AaABAg,https://www.youtube.com/watch?v=m1TVUYBlE8c&lc=UgzmQe2W0RreFldiSYF4AaABAg
32,,"Anto Kiswanto","2021-11-20 12:25:12",0,no,no,"gagal berarti tdk layak berkendara krn tdk ada keahlian melewati rintangan jng salahkan polisi yg buat lintasan, banyak kok yg lulus dan pny keahlian ttep aja kcelakaan apalagi ini ngk lulus mw nya gampang lagi",UCtK1ecl4NzzfA6L9757vIdg,UgxiqQCGtjOcDi_ADZ14AaABAg,https://www.youtube.com/watch?v=m1TVUYBlE8c&lc=UgxiqQCGtjOcDi_ADZ14AaABAg
33,,"Aditya Dwi Arianto","2021-11-20 12:25:14",0,no,no,"Masuk akal sesuai sama kondisi jalan yg berlobang",UCiwY5n7cu-UklQd91gmlREw,UgxYTsBztsfn9qJqbQ94AaABAg,https://www.youtube.com/watch?v=m1TVUYBlE8c&lc=UgxYTsBztsfn9qJqbQ94AaABAg
34,,"She DIAN","2021-11-20 12:25:15",0,no,no,"YA BENER SETUJU MBAK APALAGI DI BATAM PERNAH SAYA SURUH POLISINYA MEMBERIKAN CONTOH TAPI BELIAU MENOLAK DAN MENGATAKAN BAHWA BELIAU BISA MELAKUKAN TAPI TETAP AJA BELIAU TIDAK MAU MELAKUKAN UJUNG2NYA BERBISIK KEPADA SAYA BELIAU MENGATAKAN BAHWA BELIAU BISA MEMBANTU SAYA DGN MEMINTA SEJUMLAH UANG 150 RIBU TERUS SAYA NEGO MENJADI 100 RIBU SAYA BERPIKIR KENAPA KINERJA PARA POLISI DI LAPANGAN SEPERTI INI 🤦🤦🤦 RAKYAT INGIN JALAN JUJUR TAPI MEREKA YANG MENGAJARI SESUATU YANG TIDAK BENAR MANALAGI TREKNYA HANYA BERUKURAN KURANG DARI 1 METER PAS PANJANG BODY MOTOR GMANA CARA BELOK ZIG ZAG NYA DAN SEMPAT SAYA MENGATAKAN KEPADA BELIAU CUMA ORANG PEMAIN SIRCUS YANG BISA MENGHADAPI TREK YANG SEPERTI INI .SAYA MENGURUS SIM C DI POLTABES BARELANG BATAM",UCPgrT1KgtBE8XFg_xQiQvuA,UgyhNCjSyr0ZiTfc37V4AaABAg,https://www.youtube.com/watch?v=m1TVUYBlE8c&lc=UgyhNCjSyr0ZiTfc37V4AaABAg
35,,"Lisen Holie","2021-11-20 12:25:19",0,no,no,"Setuju banget bude 
Klu udh begini biasanya baru berubah nih 
Bikin SIM ajah dipersulit 
Gitu aja kok repot",UCxKXjtOztt7E1nlId3cK8Sg,UgzUVrDWzI130Z-iV914AaABAg,https://www.youtube.com/watch?v=m1TVUYBlE8c&lc=UgzUVrDWzI130Z-iV914AaABAg
36,,"Jara mbojo","2021-11-20 12:25:25",0,no,no,"Ini udh bkan rahasia umum lagi, hampir mustahil org ikut tes bakal lulus,pasti ujung2nya nembak,ini bkan hal baru,",UCcv25emedsqT951ykcSJjuA,Ugz3_tQ4dK_w9MWafBt4AaABAg,https://www.youtube.com/watch?v=m1TVUYBlE8c&lc=Ugz3_tQ4dK_w9MWafBt4AaABAg
37,,"Andini alaya syabilah","2021-11-20 12:25:31",0,no,no,"Itukan sesuai sama track disemua kepolisian diseluruh dunia untuk ujian pembuatan sim motor ko malahan dikomplain hahaha😂🤣.
CERDASLAH DALAM MENILAI & WAJIB SESUAI REALITA YAH",UCDsPgIBPDGYsx1Qb0Pw9x4A,Ugxm8-8Sm9fTwEiosLh4AaABAg,https://www.youtube.com/watch?v=m1TVUYBlE8c&lc=Ugxm8-8Sm9fTwEiosLh4AaABAg
38,,"Phiau Then","2021-11-20 12:25:33",0,no,no,Se7,UCN12NqPJmULZV5Mh15BqvBg,UgwJPHGQOIfHIDJ4SGR4AaABAg,https://www.youtube.com/watch?v=m1TVUYBlE8c&lc=UgwJPHGQOIfHIDJ4SGR4AaABAg
39,,"ang Prana","2021-11-20 12:25:42",0,no,no,"Latihan lakalantas itu namanya bu,bukan ujian dapetin SIM",UCwvssoqhyHSyHxI5HpE1Gpw,UgyehYRWufFusO7fvbB4AaABAg,https://www.youtube.com/watch?v=m1TVUYBlE8c&lc=UgyehYRWufFusO7fvbB4AaABAg
40,,"Tatak Berantakan","2021-11-20 12:25:46",0,no,no,"Ingat kalau emak nggak pernah ngandung kita mungkin  nggak ada juga itu sirkuit,emang mau jdi pembalap.terus berjuang mak.",UCpi6uaxypZLcPYd0DvIz42Q,UgxAyY8JBwvkSQh_Jpl4AaABAg,https://www.youtube.com/watch?v=m1TVUYBlE8c&lc=UgxAyY8JBwvkSQh_Jpl4AaABAg
41,,"muhammad mualimin","2021-11-20 12:25:51",0,no,no,"Semoga yang bersangkutan mendengarnya.",UCZrEi2zXdZ_OuhGukH82vcg,Ugy5Pv6PCIjmMi4bXmd4AaABAg,https://www.youtube.com/watch?v=m1TVUYBlE8c&lc=Ugy5Pv6PCIjmMi4bXmd4AaABAg
42,,"metal slaz","2021-11-20 12:25:53",0,no,no,"Benar sekali emak",UCfkb2FqVPfEkhVLfbeSvFwA,Ugy9e_NONMo6dS97aoZ4AaABAg,https://www.youtube.com/watch?v=m1TVUYBlE8c&lc=Ugy9e_NONMo6dS97aoZ4AaABAg
43,,"anditan Bond","2021-11-20 12:25:54",0,no,no,"Tunggu bpk Kapolri n Presiden dengar, biasanya klo beliau dengar, pasti ada solusi / perubahan... sebab harus dr atas langsung hal2 spt ini...",UClXDer0Aj9MNDRU_azmknug,UgwkJmPP1KLWsdvNN-94AaABAg,https://www.youtube.com/watch?v=m1TVUYBlE8c&lc=UgwkJmPP1KLWsdvNN-94AaABAg
44,,"Ridwan Chipau","2021-11-20 12:26:00",0,no,no,"Ema2 tuh bener bngt 😂",UC814UlY7LGgICAjNcCUXFoA,UgyIXKJoSXbs9njFo_14AaABAg,https://www.youtube.com/watch?v=m1TVUYBlE8c&lc=UgyIXKJoSXbs9njFo_14AaABAg
45,,"Ferdian Bellamy","2021-11-20 12:26:07",0,no,no,"Suruh aje polisi nyeee bisa kaga itu 🤣🤣🤣🤣",UCnCwXduJ-VUIw7k7HeK2YEQ,UgyRw7j-tEjpNNkGzlF4AaABAg,https://www.youtube.com/watch?v=m1TVUYBlE8c&lc=UgyRw7j-tEjpNNkGzlF4AaABAg
46,,"Opay Abdul","2021-11-20 12:26:07",0,no,no,"Goblox nya kenapa harus nunggu emak emak dulu sih yang bersuara...Ini emang ladang duit haram buat polisi",UCzrcm0aW_sl3iVMhuEN70ig,UgzsKXAJ3rPGNSRnZKN4AaABAg,https://www.youtube.com/watch?v=m1TVUYBlE8c&lc=UgzsKXAJ3rPGNSRnZKN4AaABAg
47,,"Arif Mugiono","2021-11-20 12:26:10",0,no,no,"Pengalaman buwat sim,dan perpanjangn SIM..terkadang ada aturan yg di ada²kan cuma untuk meraup pundi² uang..tiap daerah berbeda aturan,ada juga yg tidak sesuai dg tarif administrasinya.misal selisih lebih mahal 10rb x 500org/hari pembuat/perpajangn sim. Udh keliatan tu nominal uang tambahan yg di terima institusi tersebut..",UCwUc_KSuAh4lDo1U9JHci1A,UgzfrLK7O93vslKBWsZ4AaABAg,https://www.youtube.com/watch?v=m1TVUYBlE8c&lc=UgzfrLK7O93vslKBWsZ4AaABAg
48,,"dyah rahayu","2021-11-20 12:26:18",0,no,no,"Viralkan.. Up up up up...",UCoyNwutoqk9efLi5I-NlTFA,Ugy6Ew8Gegf1qd6-0lt4AaABAg,https://www.youtube.com/watch?v=m1TVUYBlE8c&lc=Ugy6Ew8Gegf1qd6-0lt4AaABAg
49,,Jap,"2021-11-20 12:26:25",0,no,no,"Faktanya ga pernah ada didunia ini jalan raya model gitu.",UCoSyxyXDvfMyobVCcNjwNcg,UgwTWc6qbHj9R-L_-o14AaABAg,https://www.youtube.com/watch?v=m1TVUYBlE8c&lc=UgwTWc6qbHj9R-L_-o14AaABAg
50,,"the quest","2021-11-20 12:26:27",0,no,no,"Ujian nyalip pas macet",UClfp4F_YWihtVU10omxAvDg,UgzD4qoehbd6yGNz0At4AaABAg,https://www.youtube.com/watch?v=m1TVUYBlE8c&lc=UgzD4qoehbd6yGNz0At4AaABAg
51,,"Am Ril","2021-11-20 12:26:33",0,no,no,🤣🤣🤣🤣🤣👍👍👍👍👍,UC621BVMFZv4YAOQ9WYMxmlQ,UgwXnBVJZxS1pMX45094AaABAg,https://www.youtube.com/watch?v=m1TVUYBlE8c&lc=UgwXnBVJZxS1pMX45094AaABAg
52,,"Kaji Lamiran Lamiran","2021-11-20 12:26:33",0,no,no,"Pratek sim disuruh vawa motor yg disiapkan petugas sampai buyuten tentu gk bisa..petugas yg mempratekkan disuruh bawa motor pengunjung sampai buyuten petugas juga gk bisa..bawa motor sendiri juga gk bolih.. kelihatannya memang dipersulit..nah disini pasti bnyk pungli..",UCryiraHsBropEF5cuD7-lLw,UgxN951gXuKtQHjoKcF4AaABAg,https://www.youtube.com/watch?v=m1TVUYBlE8c&lc=UgxN951gXuKtQHjoKcF4AaABAg
53,,"Rohy Famz","2021-11-20 12:26:48",0,no,no,"Kayaknya dulu ada pak polisi yg memperagakan melewati trek itu dan jatuhhh 😁😁",UCJTkUUYbj4urM5laL7U5hCg,Ugxeek98aeGkW16crhN4AaABAg,https://www.youtube.com/watch?v=m1TVUYBlE8c&lc=Ugxeek98aeGkW16crhN4AaABAg
54,,"Lukas Bintang","2021-11-20 12:26:50",0,no,no,"Wkwkwk padahal ini kan emg dari dulu ada.. padahal gampang😂",UCdtZ0Krc71YDCjJA1m0SQIg,UgwONmbjSbg1TUnP9PV4AaABAg,https://www.youtube.com/watch?v=m1TVUYBlE8c&lc=UgwONmbjSbg1TUnP9PV4AaABAg
55,,"david barker","2021-11-20 12:26:56",0,no,no,"aku padamu ibu",UCw-gh4DXZfrtVXpTeAdJwLw,Ugyj-_ZELpn_yWWn1uN4AaABAg,https://www.youtube.com/watch?v=m1TVUYBlE8c&lc=Ugyj-_ZELpn_yWWn1uN4AaABAg
56,,"Rizal Mahendra","2021-11-20 12:27:03",0,no,no,"Betul makk 
Btw beras di rumah udah abiss makk",UCtZL-arxqt8lceNx03Spnpg,UgyV8GsfIds6G5wffdB4AaABAg,https://www.youtube.com/watch?v=m1TVUYBlE8c&lc=UgyV8GsfIds6G5wffdB4AaABAg
57,,"Tamam Js","2021-11-20 12:27:05",0,no,no,"setuju Bu...... masyarakat akhire menyuap....NYUAAAAAAP....!!!!!",UC5rms8jQWUtVuVjC9CdoBaA,UgympvrlfwV9vnIEjOl4AaABAg,https://www.youtube.com/watch?v=m1TVUYBlE8c&lc=UgympvrlfwV9vnIEjOl4AaABAg
58,,"Riandy Huey","2021-11-20 12:27:11",0,no,no,"Tolong kepada kepolisian tambahkan trek vertikal loop yaa. Kl bisa double loop kayak trek hot wheel",UC7OI15xHePCqgHQvjB0sSmg,UgyvF7AYiyJyRKJKja14AaABAg,https://www.youtube.com/watch?v=m1TVUYBlE8c&lc=UgyvF7AYiyJyRKJKja14AaABAg
59,,"Kokiseng Sih","2021-11-20 12:27:22",0,no,no,"Dibuat seperti itu, agar kalian dapat menghindari hal2 yang tidak memungkinkan. Harus konsentrasi dan cekatan kalau bawa kendaraan. Bukan model emak2 zaman now, bawa motor sen ke mana belok ke mana. Gaya mau ngebut, giliran jalur asal2an",UC6LJY-hPGR2dhRjampn533g,UgxkLZse5W4UBlMArNd4AaABAg,https://www.youtube.com/watch?v=m1TVUYBlE8c&lc=UgxkLZse5W4UBlMArNd4AaABAg
60,,"yan Sky hawk","2021-11-20 12:27:26",0,no,no,"Pinter sekali ibu ini. Tolong pak kapolri jadikan ibu ini sbg duta anti korupsi nembak SIM",UCVaYNgY87W0EZinkg3_Di1Q,UgwzAT9BzUiaU0s6kTJ4AaABAg,https://www.youtube.com/watch?v=m1TVUYBlE8c&lc=UgwzAT9BzUiaU0s6kTJ4AaABAg
61,,"dhen05 official","2021-11-20 12:27:47",0,no,no,"Terimakasih udh mewakili kita semua",UCLnLP2cUvPchs6vEeTgz01w,UgwV6T8oUDBeU3bC5Hl4AaABAg,https://www.youtube.com/watch?v=m1TVUYBlE8c&lc=UgwV6T8oUDBeU3bC5Hl4AaABAg
62,,"Tamam Js","2021-11-20 12:27:50",0,no,no,setuju.......,UC5rms8jQWUtVuVjC9CdoBaA,UgzqjjuIpA54lfNGQpZ4AaABAg,https://www.youtube.com/watch?v=m1TVUYBlE8c&lc=UgzqjjuIpA54lfNGQpZ4AaABAg
63,,"Dian Prastiyo","2021-11-20 12:27:52",0,no,no,"gw sih stuju dipermudah ujian sim. tp setelah tau kelakuan emak"" dijalan gw berfikir tes SIM sbnarnya jauh lebih mudah.",UCaKQR4EFkxpbhI0kGWrvr-A,UgyXeYDWKP-tjt6PU5h4AaABAg,https://www.youtube.com/watch?v=m1TVUYBlE8c&lc=UgyXeYDWKP-tjt6PU5h4AaABAg
64,,"Merah Putih","2021-11-20 12:28:02",0,no,no,"kok ada benarnya jg ya😁
ah
salam 🇮🇩",UCZMV_MYi4XxSPU8Yn0TLlng,Ugw4DU53f1lMzmmarpJ4AaABAg,https://www.youtube.com/watch?v=m1TVUYBlE8c&lc=Ugw4DU53f1lMzmmarpJ4AaABAg
65,,"Isriatus Suaida","2021-11-20 12:28:11",0,no,no,"Sehat selalu bunda, udah berani menyuarakan kebenaran",UC-nScB-7nAvKPQhnatnDPBw,UgxtU3WilzPPdKKhx8J4AaABAg,https://www.youtube.com/watch?v=m1TVUYBlE8c&lc=UgxtU3WilzPPdKKhx8J4AaABAg
66,,"MUHAMMAD TAUFIK","2021-11-20 12:28:13",0,no,no,"Kok butul sih",UCJE4VGLh0nOhcFouXRuZC9g,Ugzu4z3Bf0orW4we5ml4AaABAg,https://www.youtube.com/watch?v=m1TVUYBlE8c&lc=Ugzu4z3Bf0orW4we5ml4AaABAg
67,,"Nur Khamidah","2021-11-20 12:28:14",0,no,no,"bnr banget, kakakku lk 2 aja dah 3× ndak lulus, ujung 2nya nembak 700 rb",UCIwfcSnyb1zhP4Z3t-AELhA,Ugy1Fgyq4kAZRlWInRB4AaABAg,https://www.youtube.com/watch?v=m1TVUYBlE8c&lc=Ugy1Fgyq4kAZRlWInRB4AaABAg
68,,"d jp","2021-11-20 12:28:25",0,no,no,"dari 4000+ komen disini,,, semua dukung emak2 ini... ampuh sekali",UCw4WbybOUArDdHfhw07SK2A,UgyOfdKOkZNBgdHwtNZ4AaABAg,https://www.youtube.com/watch?v=m1TVUYBlE8c&lc=UgyOfdKOkZNBgdHwtNZ4AaABAg
69,,"Zero Distance","2021-11-20 12:28:26",0,no,no,"Sim tak dapat ma ini karna ujian kepantasan gagal setelah gagal salain polisi juga",UCXcFukCxL8Q9xmUUGi_RivQ,Ugx8EKfENVWy7Z6sInR4AaABAg,https://www.youtube.com/watch?v=m1TVUYBlE8c&lc=Ugx8EKfENVWy7Z6sInR4AaABAg
70,,"Irwan Azhammy","2021-11-20 12:28:43",0,no,no,"Kalo bisa di persulit ngapain di permudah 🤭🤭",UC7O5JfluQT-N7igL9Lh5A_w,UgyIOO8cdjXRset4ZZF4AaABAg,https://www.youtube.com/watch?v=m1TVUYBlE8c&lc=UgyIOO8cdjXRset4ZZF4AaABAg
71,,"buruh tani","2021-11-20 12:28:49",0,no,no,Jossss,UCHp1NIjVPuwq5snWaF_w-KA,UgyNpivpPlfsdDiEMcF4AaABAg,https://www.youtube.com/watch?v=m1TVUYBlE8c&lc=UgyNpivpPlfsdDiEMcF4AaABAg
72,,"Asep Saripudin","2021-11-20 12:28:55",0,no,no,"Emng sengaja biar ujung2nya nembak,..",UCspHa9O91yI-llLGN8hZmRg,Ugz--fTFX9Z22T2_m994AaABAg,https://www.youtube.com/watch?v=m1TVUYBlE8c&lc=Ugz--fTFX9Z22T2_m994AaABAg
73,,"Rai SL","2021-11-20 12:29:01",0,no,no,"""Saya belum nemu trek jalan raya seperti itu, mungkin trek sirkus iya. Dan Saya yakin kalau SIM itu untuk dipergunakan di jalan raya bukan untuk sirkus""",UC-sK-cN5TrzbWYEBC6JCVrg,Ugwf-s909_hC_RtaDp54AaABAg,https://www.youtube.com/watch?v=m1TVUYBlE8c&lc=Ugwf-s909_hC_RtaDp54AaABAg
74,,D'ELTOE'S,"2021-11-20 12:29:16",0,no,no,"Manteb si ibu 👍 ati"" Bu sama orang"" era Jokowi 😎 biasa yg kritik"" kayak gini bisa jadi inceran 😁 itu mah track buat atraksi badut bukan buat tes 👎",UCbqriKI-MQ5zxilrQ6Dy65w,Ugx2LT6-2Xvq3zMAdnd4AaABAg,https://www.youtube.com/watch?v=m1TVUYBlE8c&lc=Ugx2LT6-2Xvq3zMAdnd4AaABAg
75,,"AZWAR HALIM","2021-11-20 12:29:17",0,no,no,"Waduh bakal rame nih",UC8K_iVuSIFmuM5lLu55L-Fw,UgzTSnFOctLfaZfLTuR4AaABAg,https://www.youtube.com/watch?v=m1TVUYBlE8c&lc=UgzTSnFOctLfaZfLTuR4AaABAg
76,,"Popeye Life","2021-11-20 12:29:28",0,no,no,"toprak juga gk bklan lulus klo trek ujian sim di kita terlalu dekat bikin angka 8 zig zag..sulit 🤣",UCY0f7M_QsOKcipELSoB4O2Q,UgydouVcF0wXF2aH6qx4AaABAg,https://www.youtube.com/watch?v=m1TVUYBlE8c&lc=UgydouVcF0wXF2aH6qx4AaABAg
77,,"Abi Hepi","2021-11-20 12:29:37",0,no,no,"mening nebak aja tingal duduk orang polisi ini calo nya",UClBbhYWNZbiA_p1NqOTPyWA,UgzdAH_c9K_pQ_2UpWN4AaABAg,https://www.youtube.com/watch?v=m1TVUYBlE8c&lc=UgzdAH_c9K_pQ_2UpWN4AaABAg
78,,Jepng,"2021-11-20 12:29:37",0,no,no,"Benr tuh ,stuju",UC_m1KB9SM5T4MQ5fLI0fAjA,UgyxyeQ-EKgU5SZ3AF14AaABAg,https://www.youtube.com/watch?v=m1TVUYBlE8c&lc=UgyxyeQ-EKgU5SZ3AF14AaABAg
79,,"kuswadi hadi","2021-11-20 12:29:45",0,no,no,"ngga bakal di dengar Bu",UCW8_suFaYGpsyt2Lc-9iX8g,Ugz91aGC7P4-ZTdUJ0F4AaABAg,https://www.youtube.com/watch?v=m1TVUYBlE8c&lc=Ugz91aGC7P4-ZTdUJ0F4AaABAg
80,,"Baim Iroel","2021-11-20 12:29:46",0,no,no,"Itu kayaknya ujian untuk sim frestile , karena kalau di jalan raya kan gak zigzag naik motor nya",UCU7NoKNwXpJylBv1Qui5pww,UgxDJibWLbwBbbw5PN94AaABAg,https://www.youtube.com/watch?v=m1TVUYBlE8c&lc=UgxDJibWLbwBbbw5PN94AaABAg
81,,"pulL pancing","2021-11-20 12:29:51",0,no,no,"Lah emang dipersulit biar pada nembak dan dapet pemasukan dari situ bu... Ada istilah dilarang lewat jalur depan.  Nda sopan gt katanya",UC9xosEXRYXGGD98FV6Q09PA,UgyTBhz-9r3ba3gGdex4AaABAg,https://www.youtube.com/watch?v=m1TVUYBlE8c&lc=UgyTBhz-9r3ba3gGdex4AaABAg
82,,"Runentit RuDi","2021-11-20 12:29:53",0,no,no,"Yg ngajarin loe memberi suap dan penerima suap sma"" bersalah jngn 1 pihak yg di rugikan polisi hanya membatu masyarakat yg pintar bukan bodoh",UCyrG29MS-ycsIktuAhqjK4w,Ugxb_bfKENS40cDWtlF4AaABAg,https://www.youtube.com/watch?v=m1TVUYBlE8c&lc=Ugxb_bfKENS40cDWtlF4AaABAg
83,,"Hayati Noer","2021-11-20 12:29:59",0,no,no,😂😂😂,UCqK_nulOUavzNxhWU2TomMQ,Ugw7Dccxcjh7bt95iIh4AaABAg,https://www.youtube.com/watch?v=m1TVUYBlE8c&lc=Ugw7Dccxcjh7bt95iIh4AaABAg
84,,"Umam Motor","2021-11-20 12:30:00",0,no,no,"Mantapsss ibu sukses terus",UCr3UrYFWfSYbT0dDZaggsmQ,UgwFtuSzPGwBPlebxy14AaABAg,https://www.youtube.com/watch?v=m1TVUYBlE8c&lc=UgwFtuSzPGwBPlebxy14AaABAg
85,,"Aorin Kaa","2021-11-20 12:30:02",1,no,no,"Memang betul. Kita cewek² susah mau lolos track seperti itu.",UCq2QGyhxRJDizGn0zKpNKjQ,Ugyy7Eib186RKOLXXHR4AaABAg,https://www.youtube.com/watch?v=m1TVUYBlE8c&lc=Ugyy7Eib186RKOLXXHR4AaABAg
86,,"Bungkus Mie","2021-11-20 12:30:12",0,no,no,"Track ujian buat sim ga sesuai kenyataan dengan di jalan rayanya.
Kalo zigzag begitu mah pembalap moto gp pun bisa geleng ngeliat sebelum di coba 😀",UCrfHUQTW_zfYYm5GHDq2dpQ,Ugw_RUkREQ3sUHHJGp14AaABAg,https://www.youtube.com/watch?v=m1TVUYBlE8c&lc=Ugw_RUkREQ3sUHHJGp14AaABAg
87,,"BENGET TV","2021-11-20 12:30:20",0,no,no,"mantab . nembak",UCh92GRYze-Qo4kZR9lY-LPA,Ugw1BmjXMnB97SUruih4AaABAg,https://www.youtube.com/watch?v=m1TVUYBlE8c&lc=Ugw1BmjXMnB97SUruih4AaABAg
88,,"Dwi Asih","2021-11-20 12:30:21",0,no,no,"Ibu...lu kalo jalan sendiri ga bakal beres sehari...harus di dampingi biro jasa..Ampe 4 hari ga bakal beres..Bu..Bu...sogok takut...anggap beramal...",UCUflUrpJQoS4XP9FWVNavuw,Ugw_Wi2ObfQFclKrsSx4AaABAg,https://www.youtube.com/watch?v=m1TVUYBlE8c&lc=Ugw_Wi2ObfQFclKrsSx4AaABAg
89,,"tri astuti andayani yuniarto","2021-11-20 12:30:32",0,no,no,"Setuju Bu....kalau ada jalan kaya gini...kita cari jalan lain aja. Ngapain bikin  trek kaya gini",UCAHEPQWkVLu5jsbDuqB1KVg,Ugz_TJzPPDJ2ip4qfgh4AaABAg,https://www.youtube.com/watch?v=m1TVUYBlE8c&lc=Ugz_TJzPPDJ2ip4qfgh4AaABAg
90,,"Zakaria Harefa","2021-11-20 12:30:40",0,no,no,"Biar emak emak jadi pembalap yang ahli seperti Valentino Rossi kali ya Mak.. 😝😝🤣🤣🤣🤣",UCQgYVO1zLUdp8a7CfnQRdHg,UgzQCBqScNUq1Kdia5V4AaABAg,https://www.youtube.com/watch?v=m1TVUYBlE8c&lc=UgzQCBqScNUq1Kdia5V4AaABAg
91,,"Pangeran Kodok","2021-11-20 12:31:04",1,no,no,"Pengalaman bikin SIM C th 2004 duit pas pasan... Baru dtng udh disambut kata"" mau dibantu gak 🤗  daftar resmi jm 9 pagi selesai jm 5 sore. 
Dari 50org yg daftar hanya 3org  yg benar"" lulus resmi 🤣 saya slh 1 nya 😎",UCuagWR2OniPmKiiwpJrO10g,UgyjhqCJBt-gsXe78o14AaABAg,https://www.youtube.com/watch?v=m1TVUYBlE8c&lc=UgyjhqCJBt-gsXe78o14AaABAg
92,,"tarjoni tarjo","2021-11-20 12:31:05",0,no,no,"Hanya jin tomang yg bisa lulus kalo treknya seperti itu.....",UCXW8gjiB8yqS5q2esxE1pOQ,UgyhTIpnk5tiCxdKuut4AaABAg,https://www.youtube.com/watch?v=m1TVUYBlE8c&lc=UgyhTIpnk5tiCxdKuut4AaABAg
93,,Syahrullah,"2021-11-20 12:31:11",0,no,no,"Terimakasih emak2, anda mewakili suara kami yang terpendam...",UCDA9fEoorOu-c0u7ZLnrOzQ,UgxkItpXcn7ESdkieRd4AaABAg,https://www.youtube.com/watch?v=m1TVUYBlE8c&lc=UgxkItpXcn7ESdkieRd4AaABAg
94,,"Hidhayat Noer","2021-11-20 12:31:15",0,no,no,"Ga sabar nunggu ibunya viral.. 😁😄😄😄 gass semangat buk...",UCkBNMqdz9YMgJ8PVtDFPhsA,UgxBNQWTud3bnfj4b3J4AaABAg,https://www.youtube.com/watch?v=m1TVUYBlE8c&lc=UgxBNQWTud3bnfj4b3J4AaABAg
95,,"Majid Kobat","2021-11-20 12:31:21",0,no,no,"Ini mau buat SIM apa mau",UCsEcuDzezpAE-S-7IpCXSPg,UgzBDH_SPrnmnAXrlX94AaABAg,https://www.youtube.com/watch?v=m1TVUYBlE8c&lc=UgzBDH_SPrnmnAXrlX94AaABAg
96,,"Bims Rhapsody","2021-11-20 12:31:22",0,no,no,"pembalap motogp bikin sim mungkin juga milih nembak kalo treknya gini",UCPk07rNkkbTkSFOjejDQQdg,Ugy8CkuVRWEW2DVUTq54AaABAg,https://www.youtube.com/watch?v=m1TVUYBlE8c&lc=Ugy8CkuVRWEW2DVUTq54AaABAg
97,,Fahriawan,"2021-11-20 12:31:30",0,no,no,"Jangan hanya dilihat coba dulu...",UC1FkgH0t-tLtkeFtq3v_bhA,UgznxV0VUSLVa8rsNl14AaABAg,https://www.youtube.com/watch?v=m1TVUYBlE8c&lc=UgznxV0VUSLVa8rsNl14AaABAg
98,,"Cellana Dalam","2021-11-20 12:31:35",0,no,no,"Berani sekali, pencemaran nama baik nih awas 😜",UCaE7ssJ3b4NVo79p5bSWmyQ,UgxS9NOkKIvxpHTiro14AaABAg,https://www.youtube.com/watch?v=m1TVUYBlE8c&lc=UgxS9NOkKIvxpHTiro14AaABAg
99,,"Ahmad Fathul Mubarok","2021-11-20 12:31:36",0,no,no,"Namanya ujian ya harus sulit, ibarat cuma bisa masak mie instan tiba2 harus masak rendang, instan pun kadang2 mie nya kurang mateng atau kelodokan 🤣",UCXrJ62PhHTealHu6REtPFgg,UgymvjYYHfYSTk8QtUx4AaABAg,https://www.youtube.com/watch?v=m1TVUYBlE8c&lc=UgymvjYYHfYSTk8QtUx4AaABAg
100,,"DEWI DEWI","2021-11-20 12:31:40",0,no,no,"Berkendara harusnya ngga asal bisa jalan, tp harus ada skill karna dijalanan kondisinya tidak bisa diprediksi, tujuannya untuk keselamatan oengendara dan orng lain. Sebelum ikut tes coba latihan dulu dirumah bikin trek yg mirip2, gambar pake kapur atau langsung ditanah lapangan.  kalo trek angka 8, zigzag dimana2 memang begitu.  Belum lagi diluar negri pake tambu2 aturan kecepatan + rem mendadak",UCZPtbzZ5L67tt9g6foT9W1g,UgwoSGfLo3CpxJxMqR94AaABAg,https://www.youtube.com/watch?v=m1TVUYBlE8c&lc=UgwoSGfLo3CpxJxMqR94AaABAg
